steps,time,reward,delta,converged
1,0.0019057792835752707,255.0,125.25,False
2,0.0030159036175092524,255.0,0,True
