steps,time,reward,delta,converged
1,0.029706271604936774,-1709.2578510407789,183.78214032855865,False
2,0.02933925925925962,4818.000735607533,116.35200000000003,False
3,0.03520829629628963,5345.049386152785,132.38269292962548,False
4,0.04006637037038274,5556.861684342525,105.90614890201849,False
5,0.035099654320987383,6277.362366037196,84.72491366750972,False
6,0.034382617283952754,6468.772868584725,67.7799254643738,False
7,0.04362429629630071,6621.901253713385,54.223934882453904,False
8,0.030460049382710963,6757.7300154683935,43.379142392654046,False
9,0.033738666666678796,6757.7300154683935,6.739986702086753e-06,True
