steps,time,reward,delta,converged
1,0.003776000000002,57.0,125.25,False
2,0.0036918518518547216,57.0,0,True
