steps,time,reward,delta,converged
1,0.004259555555555572,0.7024544846453958,0.08552639192103956,False
2,0.0055130864197532325,0.7155793900139884,1.5379515317770053e-07,True
