steps,time,reward,delta,converged
1,0.003473777777777778,0.6666666666666666,0.08333333333333331,False
2,0.0038360493827160496,0.6666666666666666,0,True
