steps,time,reward,delta,converged
1,0.016504098765430797,0.6666666666666666,0.08333333333333331,False
2,0.014986666666667148,0.6666666666666666,0,True
