steps,time,reward,delta,converged
1,0.0009418271604886286,0.6666666666666666,0.3333333333333333,False
2,0.0009469629629705878,0.7585185185185184,0.023703703703703727,False
3,0.0009655308641924876,0.7728658436213991,0.0031604938271604967,False
4,0.001079703703709356,0.7749924170096021,0.0003511659807956119,False
5,0.000970271604927575,0.7753096028694813,4.638317329675357e-05,False
6,0.0010528395061726314,0.7753564020637684,5.8423614286437844e-06,True
