steps,time,reward,delta,converged
1,0.001002271604932048,0.6666666666666666,0.3333333333333333,False
2,0.0009276049382691554,0.6666666666666666,0,True
