steps,time,reward,delta,converged
1,0.0064675555555595565,0.6666666666666666,0.3333333333333333,False
2,0.005383901234566224,0.6666666666666666,0,True
